{
  "claim_result": {
    "all_four_decimal_matches": false,
    "observed": {
      "BWA": 0.7131502843580997,
      "FGBCC": 0.7175816744032751,
      "MV": 0.6986047829354632,
      "PTBCC": 0.7471525426567855
    },
    "paper": {
      "BWA": 0.7132,
      "FGBCC": 0.7175,
      "MV": 0.6986,
      "PTBCC": 0.7472
    }
  },
  "dataset_results": [
    {
      "bwa_accuracy": 0.2,
      "bwa_converged": true,
      "bwa_iterations": 7,
      "bwa_seconds": 0.028234041994437575,
      "classes": 7,
      "dataset": "Val7",
      "ds_accuracy": 0.22,
      "ds_iterations": 20,
      "ds_seconds": 0.024287666950840503,
      "fgbcc_accuracy": 0.18,
      "fgbcc_converged": false,
      "fgbcc_iterations": 1000,
      "fgbcc_seconds": 6.030527250026353,
      "labels": 1000,
      "mv_accuracy": 0.2025,
      "ptbcc_accuracy": 0.31,
      "ptbcc_iterations": 69,
      "ptbcc_max_delta": 0.0009970413297402114,
      "ptbcc_seconds": 0.0944836669950746,
      "source": "external/CodeForFGBCC/datasets/valence7/{label,truth}.csv",
      "tasks": 100,
      "truths": 100,
      "workers": 38
    },
    {
      "bwa_accuracy": 0.8246205733558178,
      "bwa_converged": true,
      "bwa_iterations": 21,
      "bwa_seconds": 0.052442791988141835,
      "classes": 6,
      "dataset": "Aircr",
      "ds_accuracy": 0.8414839797639123,
      "ds_iterations": 20,
      "ds_seconds": 0.02461154101183638,
      "fgbcc_accuracy": 0.8448566610455311,
      "fgbcc_converged": true,
      "fgbcc_iterations": 538,
      "fgbcc_seconds": 2.5909279999905266,
      "labels": 1588,
      "mv_accuracy": 0.8108487914558742,
      "ptbcc_accuracy": 0.8229342327150084,
      "ptbcc_iterations": 83,
      "ptbcc_max_delta": 0.000978808494611294,
      "ptbcc_seconds": 0.18225974997039884,
      "source": "external/CodeForFGBCC/datasets/aircrowd6/{label,truth}.csv",
      "tasks": 593,
      "truths": 593,
      "workers": 50
    },
    {
      "bwa_accuracy": 0.8933333333333333,
      "bwa_converged": true,
      "bwa_iterations": 6,
      "bwa_seconds": 0.013219624990597367,
      "classes": 5,
      "dataset": "CF",
      "ds_accuracy": 0.7966666666666666,
      "ds_iterations": 20,
      "ds_seconds": 0.024694958003237844,
      "fgbcc_accuracy": 0.8866666666666667,
      "fgbcc_converged": true,
      "fgbcc_iterations": 689,
      "fgbcc_seconds": 12.878887915983796,
      "labels": 1720,
      "mv_accuracy": 0.8822222222222222,
      "ptbcc_accuracy": 0.8933333333333333,
      "ptbcc_iterations": 74,
      "ptbcc_max_delta": 0.0009693983855394439,
      "ptbcc_seconds": 0.15876604098593816,
      "source": "external/CodeForFGBCC/datasets/CF/{label,truth}.csv",
      "tasks": 300,
      "truths": 300,
      "workers": 461
    },
    {
      "bwa_accuracy": 0.8871527777777778,
      "bwa_converged": true,
      "bwa_iterations": 22,
      "bwa_seconds": 0.9050686660339125,
      "classes": 3,
      "dataset": "Fact",
      "ds_accuracy": 0.8506944444444444,
      "ds_iterations": 20,
      "ds_seconds": 1.6980138329672627,
      "fgbcc_accuracy": 0.8819444444444444,
      "fgbcc_converged": true,
      "fgbcc_iterations": 359,
      "fgbcc_seconds": 7.397040250012651,
      "labels": 214915,
      "mv_accuracy": 0.9019097222222222,
      "ptbcc_accuracy": 0.9010416666666666,
      "ptbcc_iterations": 31,
      "ptbcc_max_delta": 0.0009698253853532846,
      "ptbcc_seconds": 8.144890708033927,
      "source": "external/CodeForFGBCC/datasets/fact_eval/{label,truth}.csv",
      "tasks": 42624,
      "truths": 576,
      "workers": 57
    },
    {
      "bwa_accuracy": 0.7857142857142857,
      "bwa_converged": true,
      "bwa_iterations": 22,
      "bwa_seconds": 0.1051809589844197,
      "classes": 10,
      "dataset": "MS",
      "ds_accuracy": 0.7642857142857142,
      "ds_iterations": 20,
      "ds_seconds": 0.05486849998123944,
      "fgbcc_accuracy": 0.7842857142857143,
      "fgbcc_converged": true,
      "fgbcc_iterations": 513,
      "fgbcc_seconds": 3.8107845410122536,
      "labels": 2945,
      "mv_accuracy": 0.7042142857142857,
      "ptbcc_accuracy": 0.7942857142857143,
      "ptbcc_iterations": 33,
      "ptbcc_max_delta": 0.0009603336933057538,
      "ptbcc_seconds": 0.11933120898902416,
      "source": "external/CodeForFGBCC/datasets/MS/{label,truth}.csv",
      "tasks": 700,
      "truths": 700,
      "workers": 44
    },
    {
      "bwa_accuracy": 0.8314745972738538,
      "bwa_converged": true,
      "bwa_iterations": 9,
      "bwa_seconds": 0.025447624968364835,
      "classes": 4,
      "dataset": "Dog",
      "ds_accuracy": 0.8426270136307311,
      "ds_iterations": 20,
      "ds_seconds": 0.04574812500504777,
      "fgbcc_accuracy": 0.8401486988847584,
      "fgbcc_converged": true,
      "fgbcc_iterations": 465,
      "fgbcc_seconds": 1.0761503329849802,
      "labels": 8070,
      "mv_accuracy": 0.822180916976456,
      "ptbcc_accuracy": 0.8240396530359355,
      "ptbcc_iterations": 59,
      "ptbcc_max_delta": 0.0009830664548044488,
      "ptbcc_seconds": 0.32343470898922533,
      "source": "external/CodeForFGBCC/datasets/s4_Dog_data/{label,truth}.csv",
      "tasks": 807,
      "truths": 807,
      "workers": 109
    },
    {
      "bwa_accuracy": 0.6181506849315068,
      "bwa_converged": true,
      "bwa_iterations": 10,
      "bwa_seconds": 0.03722112497780472,
      "classes": 4,
      "dataset": "Face",
      "ds_accuracy": 0.6404109589041096,
      "ds_iterations": 20,
      "ds_seconds": 0.055076415999792516,
      "fgbcc_accuracy": 0.6455479452054794,
      "fgbcc_converged": true,
      "fgbcc_iterations": 308,
      "fgbcc_seconds": 1.0323100829846226,
      "labels": 5242,
      "mv_accuracy": 0.6367009132420091,
      "ptbcc_accuracy": 0.6558219178082192,
      "ptbcc_iterations": 38,
      "ptbcc_max_delta": 0.0009430425583781266,
      "ptbcc_seconds": 0.26576783403288573,
      "source": "external/CodeForFGBCC/datasets/s4_Face_Sentiment_Identification/{label,truth}.csv",
      "tasks": 584,
      "truths": 584,
      "workers": 27
    },
    {
      "bwa_accuracy": 0.7417417417417418,
      "bwa_converged": true,
      "bwa_iterations": 41,
      "bwa_seconds": 0.320235249993857,
      "classes": 4,
      "dataset": "Adult",
      "ds_accuracy": 0.7387387387387387,
      "ds_iterations": 20,
      "ds_seconds": 0.49466041597770527,
      "fgbcc_accuracy": 0.7447447447447447,
      "fgbcc_converged": true,
      "fgbcc_iterations": 880,
      "fgbcc_seconds": 9.463239374978002,
      "labels": 89799,
      "mv_accuracy": 0.7582582582582582,
      "ptbcc_accuracy": 0.7717717717717718,
      "ptbcc_iterations": 38,
      "ptbcc_max_delta": 0.0009985193663490932,
      "ptbcc_seconds": 2.047925708000548,
      "source": "external/CodeForFGBCC/datasets/s5_AdultContent/{label,truth}.csv",
      "tasks": 11040,
      "truths": 333,
      "workers": 825
    },
    {
      "bwa_accuracy": 0.89,
      "bwa_converged": true,
      "bwa_iterations": 29,
      "bwa_seconds": 1.801347959029954,
      "classes": 5,
      "dataset": "Senti",
      "ds_accuracy": 0.824,
      "ds_iterations": 20,
      "ds_seconds": 3.733186916972045,
      "fgbcc_accuracy": 0.885,
      "fgbcc_converged": true,
      "fgbcc_iterations": 783,
      "fgbcc_seconds": 63.87033595802495,
      "labels": 569274,
      "mv_accuracy": 0.8835,
      "ptbcc_accuracy": 0.866,
      "ptbcc_iterations": 43,
      "ptbcc_max_delta": 0.0009901915539678452,
      "ptbcc_seconds": 16.16045954101719,
      "source": "external/CodeForFGBCC/datasets/sentiment/{label,truth}.csv",
      "tasks": 98980,
      "truths": 1000,
      "workers": 1960
    },
    {
      "bwa_accuracy": 0.35,
      "bwa_converged": true,
      "bwa_iterations": 7,
      "bwa_seconds": 0.01664833299582824,
      "classes": 5,
      "dataset": "Val5",
      "ds_accuracy": 0.41,
      "ds_iterations": 20,
      "ds_seconds": 0.014266041980590671,
      "fgbcc_accuracy": 0.38,
      "fgbcc_converged": false,